Day,Post Type,Hook,Body,CTA,Hashtags,Affiliate Slot
1,nostalgia,There's something about the smell of gun oil and fresh coffee at 4am that can't be explained to someone who's never felt it.,"My dad would have the truck running and the thermos full before I even had my boots tied. We didn't talk much on those drives out, but I understood everything. That silence meant we were doing something that mattered. Those mornings made me the man I am — and I think about them more now that he's gone.","If your old man took you out before sunrise, tag him or drop his name below. Let's honor them today.",#BackcountryBrotherhood #HuntingDad #OpeningDayMemories #OutdoorLegacy #WhitetailHunting,Yes
2,gear_review,I've worn a lot of hunting boots over 40 years. These are the ones I'd buy again without thinking twice.,Waterproofing that actually works past the first season. A sole with enough grip to handle steep shale without turning your ankle. And insulation that keeps your feet warm without making them sweat through by 9am — that combination is rarer than people think. I wore these through a late November elk season in Colorado and never once thought about my feet.,Link in comments. What boots have you trusted long enough to buy a second pair?,#HuntingBoots #ElkHunting #BackcountryBrotherhood #HuntingGear #OutdoorGear,No
3,question_poll,"Here's a question that'll sort out a room of hunters fast: rifle, bow, or muzzleloader?",I've hunted with all three and each one demands something different from you. The rifle rewards precision and patience. The bow rewards discipline and dedication that most men won't put in. The muzzleloader gives you one shot and a lungful of smoke — and that's it. Every man has a strong opinion about which one builds the better hunter.,Drop your weapon of choice in the comments. Defend your answer.,#HuntingPoll #BowhuntingVsRifle #MuzzleloaderHunting #BackcountryBrotherhood #WhitetailHunting,No
4,scenic_caption,Sunrise over still water. There's no better alarm clock in the world.,"You earn this view by getting up before you want to and going somewhere most people won't bother. The coffee's still hot, the fog is just starting to lift off the water, and for a few minutes before the world wakes up it feels like the whole place belongs to you. This is why we do it — not just for the fish or the deer, but for this.",Share this with someone who needs to be reminded what they're missing.,#SunriseHunting #MorningOnTheWater #BackcountryBrotherhood #OutdoorLife #NaturePhotography,No
5,affiliate_roundup,"Three pieces of gear that paid for themselves in the first season. Straight talk, no fluff.",A headlamp you can actually use with gloves on. Hand warmers that last longer than the cheap ones you've been grabbing at the gas station. And a quality merino wool base layer that handles both sweating on the way in and sitting cold for three hours on the way out. These aren't glamour items — they're the gear that separates a good morning from a miserable one.,Links in comments. What's the one piece of gear you'd never leave home without?,#HuntingGear #BackcountryBrotherhood #GearReview #OutdoorGear #WhitetailHunting,Yes
6,video_script,This is what it sounds like at 5am in elk country. Just listen.,"No narration for the first 30 seconds — just the timber before first light. Then a bugle in the distance. Then another one, closer. Then you put the camera down and start moving. That's the moment every mile of scouting, every early morning, every off-season leads to — and you don't forget what it sounds like.",Full video in comments. Tell us where you've heard a bull bugle and how close he got.,#ElkHunting #BullElk #BackcountryBrotherhood #ElkBugle #HuntingVideos,No
7,nostalgia,My first deer rifle was a hand-me-down with a scratched stock and a loose sling. I wouldn't trade it for anything in a glass case.,"Dad bought it used from a guy at the gas station for forty bucks and said it would do the job if I did mine. He was right. I killed my first buck with that gun at 14 years old and I still remember every detail of that morning — the cold, the way he dropped, the handshake. Some things just stay with you.",What was your first deer rifle? Drop the make and model in the comments.,#FirstDeer #HuntingLegacy #OldRifles #BackcountryBrotherhood #WhitetailHunting,No
8,gear_review,This scope changed everything about my long-range shots. I'll tell you exactly why.,"I ran budget glass for years because that's what the budget allowed. But after a buddy let me look through a quality riflescope last fall, I understood what I'd been missing — especially at dusk when you're trying to pick out a deer in the tree line. The clarity at the end of legal light isn't a luxury when the shot matters. It's part of the equipment doing its job.",Link in comments. What scope are you running right now?,#RifleScope #LongRangeShooting #BackcountryBrotherhood #HuntingGear #WhitetailHunting,Yes
9,question_poll,Public land or private land — where do you do most of your hunting?,"Public land hunting is hard. You're competing with every other hunter in the county for deer that have been educated by pressure. But there's a real pride in killing a good buck off public ground that's hard to match. Private land has its advantages, no question — but some would say it makes for a different kind of hunter.",Tell us where you hunt and why in the comments. We want to hear it.,#PublicLandHunting #PrivateLand #BackcountryBrotherhood #WhitetailHunting #HunterLife,No
10,scenic_caption,First frost of the season. The woods change overnight when this happens.,"Every track reads clear, every sound carries further, and the deer start moving differently. There's a chill in your lungs that reminds you you're alive. The woods in October carry something old and serious in them — impossible to explain to someone who hasn't been out there when it settles in.",Tag someone who knows exactly what this morning feels like.,#FirstFrost #OctoberHunting #BackcountryBrotherhood #WhitetailDeer #HuntingLife,No
11,affiliate_roundup,Fishing gear worth spending real money on — and what you can buy cheap without losing sleep.,Spend money on your reel and never cut corners on your line. But hooks? Brand doesn't matter much on most species. A quality tackle box that actually closes and keeps moisture out will serve you 20 years. And a net with a rubber bag lets you put fish back without tearing them up. The basics done right will beat the gadgets every single time.,Links in comments. What's the best fishing purchase you've made in the last couple of years?,#FishingGear #TackleBox #BackcountryBrotherhood #FishingTips #OutdoorGear,No
12,video_script,"I filmed every step of quartering my bull elk at 9,200 feet. Here's how it's actually done.","This isn't glamorous work — it's heavy, cold, and takes twice as long as you expect the first time. But doing it right means the meat is clean and the animal is respected. We walk through field dressing, skinning, quartering, and cooling — the way it actually works in the backcountry where you can't cut corners.","Full video in comments. If you picked up something useful, pass it along to your hunting crew.",#ElkHunting #FieldDressing #BackcountryBrotherhood #EatWhatYouKill #HuntingVideos,Yes
13,nostalgia,We didn't have trail cameras. We had boot leather and patience.,"You learned the land by walking it, season after season, until you knew where the deer were going to be before they knew it themselves. There was something deeply satisfying about earning that knowledge the hard way. A lot of guys today spend more time hunting their phone screen than hunting the woods — and the deer know the difference.","Old school or new school — what do you think matters more, woodsmanship or technology?",#TrailCameras #WhitetailHunting #BackcountryBrotherhood #HunterLife #OutdoorTradition,No
14,question_poll,What time of year do you love most in the outdoors? We've got a feeling the comments will be all over the map.,Some men come alive in the rut when the big bucks are moving and daylight is cold. Others live for the first day the bass are feeding shallow in spring. A few of you are salmon men or elk men — October in the mountains is your whole year. The outdoors gives you something every month if you know where to look.,Drop your favorite month in the comments and tell us why it's yours.,#HuntingSeasons #FishingSeasons #BackcountryBrotherhood #OutdoorLife #WhitetailHunting,No
15,gear_review,A quality hunting knife is the one piece of gear most hunters underestimate until the moment they need it.,"I've cleaned deer with $8 blades and with a fixed-blade that cost real money. The difference shows in the details — how long the edge holds, how the handle feels when your hands are cold and wet, whether you trust it when you have to put real pressure on it. A good hunting knife isn't an expense. It's a 20-year investment.",Link in comments. What knife is in your pack right now?,#HuntingKnife #FixedBlade #BackcountryBrotherhood #HuntingGear #WhitetailHunting,Yes
16,scenic_caption,There's a reason we keep going back to the same river.,"It isn't always about the fish. Sometimes it's the sound water makes moving over rocks, or the way light comes through the cottonwoods in late afternoon. Out here nothing can reach you — you can leave whatever's weighing on you at the truck. The river doesn't care what you brought with you.",Where's your river? Drop the name or describe it in the comments.,#RiverFishing #FlyFishing #BackcountryBrotherhood #NatureHeals #OutdoorLife,No
17,nostalgia,Nobody said a word when we drove home without filling tags. Some trips were just about being out there.,"My grandfather taught me that a day in the woods was never wasted, even empty-handed. The woods fed something in you that the rest of life couldn't touch. You left something heavy behind every time you went in. I've passed that on to my kids the best I could — hope it stuck.",What's a hunting memory you have that had nothing to do with the kill? Tell us.,#HuntingMemories #BackcountryBrotherhood #OutdoorLife #WhitetailDeer #HunterMindset,No
18,affiliate_roundup,Five things every hunting camp needs that most guys forget until they're 60 miles in.,"A real first aid kit — not the gas station version. Extra batteries for everything that matters. Moleskin for your feet before the blisters start, not after. A backup firestarter that works when it's wet. And duct tape — I've fixed boot soles, pack straps, and tarp seams with it in the backcountry, and the difference between a bad day and a good story is almost always preparation.",Links in comments. What's your non-negotiable camp item that other guys always forget?,#HuntingCamp #BackcountryHunting #BackcountryBrotherhood #CampGear #ElkHunting,No
19,video_script,Watch this whitetail walk in from 400 yards and work the scrape exactly the way the books say. Textbook rut behavior.,"You can study deer behavior for years and still get surprised when you see it right in front of you. This buck checked the scrape, hit the licking branch, circled downwind, then walked straight in — no hesitation. The rut makes whitetails do things they'd never do any other month of the year. This is why November matters.",Full video in comments. Drop your best rut encounter story below.,#RutHunting #WhitetailDeer #BackcountryBrotherhood #ScrapeHunting #HuntingVideos,Yes
20,question_poll,Solo hunt or bring a buddy? There's no wrong answer here — but every man has a strong preference.,"There's something about going in alone. Nobody to make noise, nobody to disagree about where to sit — just you and the woods making a deal. But hunting with a good friend or your son is something else entirely: the camp at night, the jokes, the shared memory of a hunt that went exactly right. Both are worth doing.",Solo or with a partner? Tell us your preference and why.,#SoloHunting #HuntingBuddy #BackcountryBrotherhood #WhitetailHunting #HunterLife,No
21,scenic_caption,No cell service. No news. No problem.,"Three days in elk camp without a single notification. Just the smell of pines, the sound of wind through the timber, and real decisions to make every morning — where to go, how to get there, whether the wind is right. This is the kind of quiet that resets a man. Hard to find it anywhere else.",When's the last time you truly unplugged? Tell us where you went.,#ElkCamp #BackcountryHunting #BackcountryBrotherhood #OffGrid #OutdoorLife,No
22,nostalgia,"If your dad taught you to hunt, you got something money can't buy.","Not everyone had that. Some of us figured it out alone, or had a neighbor or a coach who took us out the first time. Either way, somebody showed us the way in — and that matters more than they probably knew. The tradition only keeps going if somebody carries it forward. Don't let it end with you.",Tag someone who taught you something in the field. Let 'em know you haven't forgotten.,#HuntingDad #OutdoorLegacy #BackcountryBrotherhood #PassItOn #HunterLife,Yes
23,gear_review,I tested this rangefinder in the Rockies last September. Here's the honest report.,"Accurate out to 1,000 yards on reflective targets, reliable on deer-sized animals past 600. Angle compensation built in — which matters when you're shooting steeply downhill from a ridge. It's not the cheapest unit on the shelf, but it isn't pretending to be. For elk or mule deer at real distance, guessing costs tags.","Link in comments. Are you running a rangefinder in the field, or trusting your eye?",#Rangefinder #ElkHunting #BackcountryBrotherhood #HuntingGear #LongRangeShooting,No
24,video_script,Fly fishing a high-altitude lake most guys never find because they stop at the trailhead.,"Three miles in, 8,400 feet, and the cutthroat trout have never seen a hook. They hit dry flies like they're starving because out here nobody has educated them. The water is the color of green glass and cold enough to take your breath away. You just have to earn it.",Full video in comments. Have you ever hiked into water that far off the road? Tell us about it.,#FlyFishing #CutthroatTrout #BackcountryFishing #BackcountryBrotherhood #HighAltitudeFishing,No
25,question_poll,Lake fishing or river fishing — where do you feel most at home?,"A still lake in the morning has its own kind of peace. You can see for miles and the fish come up slow and deliberate. But a river moves and breathes like a living thing — reading the current, finding the seams, matching the hatch on a trout stream is a puzzle worth solving season after season.",Lake or river? Drop your answer below and tell us where.,#LakeFishing #RiverFishing #TroutFishing #BackcountryBrotherhood #FishingLife,No
26,scenic_caption,The mountains don't care how old you are. They just ask if you'll show up.,The trail is the same as it was 20 years ago. You're not. But the view at the top doesn't change — and neither does the feeling when you get there. Some men stop going into the backcountry when the years start adding up. The ones who keep going seem to age differently.,Share this with the man in your life who needs to hear it today.,#BackcountryHunting #MountainHunting #BackcountryBrotherhood #KeepGoing #OutdoorLife,Yes
27,nostalgia,My first trout came out of a creek you could jump across. Best fish I ever caught.,"We used a cane pole and nightcrawlers dug from the garden, and I thought we were the two smartest fishermen alive. My uncle could read water like some men read books — he knew where they'd be holding before we even got a line wet. I still fish that same stretch when I go back home. The creek's smaller than I remember.",What's the most memorable fish you ever caught — and how old were you? Tell us the whole story.,#TroutFishing #FishingMemories #BackcountryBrotherhood #OutdoorLife #FirstFish,No
28,affiliate_roundup,The best hunting apps for men who don't want to spend all day staring at a screen.,"One for maps and land ownership — knowing who owns what matters more than it used to. One for weather that gives you wind at elevation, not just at your zip code. And one for moon phases, which after 40 years I've started to actually believe in. None of these replace knowing the land. But they've saved me a few wrong turns.",Links in comments. Are you using apps in the field or going old school with a paper topo?,#HuntingApps #BackcountryHunting #BackcountryBrotherhood #HuntingGear #WhitetailHunting,No
29,gear_review,This rod handled a 28-inch walleye without a complaint. It's earned a permanent spot in my truck.,Light enough to fish all day without wearing your wrist out. Sensitive enough to feel a light bite in 20 feet of water. Stiff enough in the backbone when you set the hook hard on something that doesn't want to come in. I've broken budget rods doing exactly this. This one didn't move.,Link in comments. What rod and reel combo are you fishing right now?,#FishingRod #WalleyeFishing #BackcountryBrotherhood #FishingGear #OutdoorGear,Yes
30,video_script,I sat in this treestand for 11 hours waiting on one specific buck. Here's how that day went.,"Most hunting is waiting — real waiting, the kind where you don't move for hours and your back starts making arguments with you. I'd been watching this deer for two seasons and knew his pattern better than my own schedule. Day 11 of the sit, he showed up at last light. Some things take as long as they take.",Full story in comments. What's the longest you've ever waited on one specific buck?,#TreestandHunting #BigBuck #BackcountryBrotherhood #WhitetailDeer #HuntingPatience,No
